,video_id,video_views,video_likes,video_comments,video_duration
0,DFCPznfRnS8,71657,1961,400,PT4M6S
1,lrm3agZABVc,90220,1756,109,PT2M39S
2,eo1tRMs9SzA,290068,4263,289,PT6M44S
3,aFXuAHnaJvk,165761,3348,141,PT3M44S
4,WOg93THAyE0,162283,10450,599,PT4M7S
5,NbFld8ZZX5I,851423,18065,638,PT5M40S
6,90bkA9fSmxY,433692,5721,326,PT7M11S
7,wzoJy26tIAI,2193807,54490,5261,PT11M3S
8,V0YYkHugqZE,123798,3085,137,PT1M13S
9,wwdhIn7fARE,399619,5340,698,PT6M51S
10,TV0B8uA3W3U,151599,3396,243,PT8M34S
11,RVG2lbgmu9U,364760,9939,672,PT8M39S
12,PMAM0Rk0weo,187017,2974,368,PT3M4S
13,hqGABdA3x20,110584,2237,39,PT1M12S
14,MaN2XBD4YZk,1572633,37509,1606,PT10M55S
15,kf2P71FjW0I,64085,1627,174,PT8M7S
16,i34fF4HGi48,646333,14521,389,PT6M53S
17,_QSOiTGDEvI,620265,8104,400,PT7M50S
18,_7TPNk-7Nqk,940892,9663,302,PT5M42S
19,7S1IXfrb9Ig,1459794,34601,1329,PT9M58S
20,CkAMfrXBIbg,105022,2194,103,PT59S
21,sRRIolko4EE,118617,2265,154,PT3M5S
22,vVE7ytGzZBE,637021,11464,232,PT3M28S
23,t5zh0kehlLg,940981,23331,632,PT6M1S
24,P6lPCDGlwCs,376411,11508,348,PT6M26S
25,AaMxn_WD-nc,1585914,32279,1020,PT6M41S
26,14qQ5B7BjpQ,1891453,47827,3329,PT13M27S
27,kSAEuCnJ-4A,200999,5116,421,PT52S
28,qTR4m2jaSts,564828,10582,390,PT9M52S
29,_WtbbszO838,510323,7815,226,PT6M59S
30,KSZkcE6qLXI,382781,9691,321,PT3M50S
31,QkMC3_gyHnE,2522530,53943,2261,PT6M40S
32,iA64z01V4aI,1595024,40372,1987,PT10M57S
33,crdH3PQ7534,128102,4000,107,PT1M22S
34,YD_H_jYXq2Y,142924,3597,88,PT2M31S
35,Icp25rUGTK0,28013,909,50,PT3M44S
36,o-rj967dgAM,757598,18225,949,PT7M11S
37,DZp4z51d7a4,248068,5167,458,PT9M50S
38,ADGB7uL834M,58047,884,38,PT4M1S
39,uhroJkV8Dcc,78180,965,58,PT6M2S
40,BBi4UMlg6aY,1850496,44053,2747,PT10M58S
41,7CnAbWHBLC8,122785,3928,130,PT58S
42,oIYbD3CQqVQ,267989,5853,148,PT4M22S
43,WGH8RMbrGLM,498313,8605,372,PT8M4S
44,SksnOQnWj1c,227780,4673,137,PT5M23S
45,3C-AzyS2lWQ,396141,8644,488,PT4M29S
46,-ccGXAI8AvY,396162,6932,237,PT6M24S
47,RQuP1tXarFA,1941501,51082,2446,PT9M
48,l620xcTvqIw,307316,12125,398,PT1M54S
49,qWnUgSvwVXo,208278,4799,627,PT6M45S
50,j6JJRs6LLcQ,165203,5647,500,PT7M11S
51,_ZvFqcTVUHQ,1129290,33540,2676,PT5M18S
52,M2AB4_bAe-g,115704,2611,195,PT8M18S
53,edp3cgijdvI,1944454,47344,2678,PT10M2S
54,5Go7h-nQzuY,129718,3110,145,PT1M8S
55,suiEAQrWR3g,252759,6637,666,PT4M24S
56,zSccgGIVDlc,109610,2614,194,PT6M20S
57,sAu95ANKovA,535594,14581,458,PT5M53S
58,MzUkJlhJNPE,469947,10805,1196,PT8M41S
59,d0ERuVlWMDo,1849084,45854,2615,PT12M53S
60,PCjIV9QZB1Y,324783,12174,635,PT53S
61,qIOEON6qIpE,53686,948,61,PT3M55S
62,yxmAFfcQ7TI,17339,515,47,PT4M51S
63,slE1ryvDuZs,835805,17647,621,PT6M27S
64,mUOy3YaC_tg,64221,1855,123,PT7M17S
65,e2Rrg-0GGbA,153762,3378,165,PT3M12S
66,VxKpjdTzNk4,357003,9204,769,PT3M48S
67,4GXO8kUekFQ,302393,6412,669,PT7M15S
68,0xg6olHDuUQ,1969776,49643,5049,PT10M47S
69,teCvb7MZLOE,181902,4726,300,PT1M3S
70,Zc5exmYLvHI,68099,1491,128,PT9M3S
71,Uz77RJh6zIY,211263,5268,522,PT4M33S
72,UtjSz1CbUF8,481691,5172,537,PT6M39S
73,5NFHCXEbzPs,226484,3162,292,PT6M4S
74,JqEk8Ec6OHo,2202373,56416,4070,PT11M41S
75,W5N1GCJV3x4,155287,4938,193,PT1M7S
76,qHZYoLgW90A,681190,9043,444,PT11M6S
77,lR-4d-Qj8SU,117075,3369,407,PT7M55S
78,gBXZG2F4Jjg,282436,4246,145,PT3M57S
79,HHeXM886B18,634498,13604,358,PT4M53S
80,jFtIZ0VuFhs,1845511,48399,4369,PT9M49S
81,gwfvl1SrwU4,216260,8643,508,PT1M15S
82,lMiHAFfHB3s,80283,3601,302,PT5M7S
83,csvNQoViQOY,96142,2436,187,PT7M57S
84,VZ8KFSGmG08,337025,8022,609,PT5M41S
85,KDmnewaysAQ,309454,4708,149,PT5M17S
86,AueJ6nzkawY,309683,5031,324,PT7M36S
87,UhbJ6B7ToCk,1997652,46881,3270,PT11M6S
88,r2XWqKH1HdQ,115442,2829,101,PT1M16S
89,_ypqkamQ4h8,58824,1076,33,PT2M46S
90,Px7rQO2mfjI,24431,753,70,PT4M19S
91,sffO4DPG0W0,342175,4585,200,PT5M39S
92,xp76c3HrVqc,84845,2157,190,PT4M12S
93,XKy-68o_NpE,192627,2998,102,PT6M4S
94,OnfRxi4orkc,128770,2714,73,PT4M28S
95,EC3xvou0rK0,262065,4252,182,PT6M18S
96,4wllb4fpcog,2028547,52158,3032,PT11M43S
97,s6BXtS9IslA,235569,7524,345,PT1M4S
98,jPTlHQwTviw,233138,3307,178,PT3M49S
99,u3o2N40p3zE,481819,12762,533,PT6M24S
100,KmOn6LomXd0,359579,6359,463,PT8M55S
101,FeQ3XWvSSKU,438695,5943,436,PT7M22S
102,Pmuadb7e3Ac,2084656,51451,3399,PT11M22S
103,bXyvZAcHeNc,146700,3203,194,PT1M7S
104,zV9K_M1qKWU,351431,6587,627,PT7M12S
105,zIhvAlIQM-A,574153,11684,392,PT4M37S
106,w9X_UTqWYHM,422006,14536,2405,PT10M7S
107,luDFhhutDuE,224771,3602,248,PT3M53S
108,MvJKfeTInyo,63546,1880,197,PT6M36S
109,NHWy29cVIWg,1784545,40510,2999,PT11M27S
110,W04gTd2OF2w,101257,2619,149,PT56S
111,b2ZX8DiT34U,3786076,62709,3588,PT7M32S
112,GW7tbMF1Wto,266372,10575,860,PT8M26S
113,7w797Aj4uZM,382113,10719,493,PT7M16S
114,0iSbhbLrOsc,720059,15137,375,PT3M55S
115,arb2xyWbF3E,176361,5151,205,PT59S
116,SP6nP4lk5Uw,1824552,44961,2760,PT11M9S
117,ocebdg7BulM,77331,1407,105,PT2M33S
118,POStDmVn-sc,33298,754,53,PT4M47S
119,KEkV0fwGNSg,18024,404,39,PT3M45S
120,p53XFCeBCIU,496941,9508,1208,PT9M5S
121,YPmy9V-UfWw,880017,21160,992,PT6M43S
122,S3c9AETRhaQ,80589,1361,69,PT5M22S
123,3zAJGjOB1ao,75975,1218,63,PT5M5S
124,TkjIfMKWQBY,2236700,55790,4227,PT12M4S
125,eq8dzb6L8T0,119372,3909,142,PT52S
126,dqWMCY-cm_4,640793,15523,492,PT6M24S
127,d-VMTAAyURg,476677,5786,352,PT8M1S
128,I1v2LX5ITL8,85950,1521,85,PT4M48S
129,BFV4tsixEws,128726,1744,108,PT5M17S
130,3W52NFb1s5M,194067,4775,282,PT3M41S
131,oACoGd4AZwk,1946950,45513,3576,PT10M42S
132,3Pwi-6BdqBw,225596,7660,573,PT53S
133,e4D0GeQ-AZs,127928,1364,291,PT5M41S
134,WnyyUHbYdNA,762757,16782,662,PT5M43S
135,Qdjkvly-o3E,109996,1353,122,PT6M8S
136,LO1dUSjfCFE,290963,9398,492,PT6M9S
137,jqa6C__Szpw,1473962,37297,2153,PT10M11S
138,uCWBMwgVkiA,166126,6552,859,PT1M13S
139,cL1TiUv-6R0,68061,1086,52,PT2M49S
140,lDIRJZ-b-5g,18684,353,48,PT4M56S
141,l1RsqPsMJzs,111835,3193,217,PT8M19S
142,UTumn1MP450,1412603,19367,791,PT4M53S
143,RooPUlufQFw,858456,11574,525,PT9M23S
144,OHUO91jIrBE,347819,6196,171,PT4M36S
145,PcNRQKRJX1E,2547453,54839,3143,PT11M13S
146,HIXwTGd3nwA,233214,8002,480,PT53S
147,nd84yF7anp0,390274,5884,283,PT8M51S
148,c5ekz15RUZE,403303,10807,431,PT7M49S
149,P575U7u4X9g,205256,3253,83,PT4M26S
150,7eCw3ykU4Lo,627439,12876,378,PT6M15S
151,lvhDoDqRnlc,2179303,48964,3284,PT10M25S
152,NdjXH_3wV54,174325,6150,245,PT55S
153,QkrfkbyV6k0,190448,2989,174,PT4M49S
154,NLaFy62_r9k,294982,4505,362,PT9M6S
155,EM-wMHRN1uk,767570,17416,528,PT6M21S
156,6tQjsSQNaB4,449112,5291,253,PT7M41S
157,kmAKZFPpbOU,1617797,41226,1916,PT10M37S
158,Be5d0MOSR7M,150839,3767,302,PT56S
159,xKam95Hu_HI,261374,6217,486,PT9M5S
160,3AuQUZ0xfwo,394663,9541,586,PT4M50S
161,1pQVshDcE28,774374,14709,554,PT7M16S
162,1ZhGNt9SOHc,489328,12608,432,PT5M59S
163,7EOHu_r8VoU,1907215,47048,3921,PT10M54S
164,rkIKEJPAUzM,620767,16872,2536,PT56S
165,29ZK5SLWCHw,199111,3882,199,PT2M50S
166,ul5zMF3ZPaY,68504,1881,133,PT5M9S
167,ZoM6UuMK5KM,313250,5027,232,PT3M20S
168,OuozWB6nlfE,913046,18501,1050,PT6M13S
169,HtvxLMjrl9A,99042,4140,394,PT3M51S
170,9ZT9eIUbQLE,482097,8025,437,PT8M8S
171,6PwsPzJPYtk,495395,6515,320,PT5M4S
172,zDjajIF3wts,2043298,45982,3199,PT11M22S
173,yI0htF7DYjA,122569,2846,70,PT50S
174,txJZea5WXHg,421694,15401,498,PT4M30S
175,9D2-LsFUIPI,372621,12651,446,PT3M28S
176,6OO6YC9vIYY,753659,28034,1082,PT7M21S
177,O93omtrnFy0,1317187,50898,2899,PT11M12S
178,urCXgrQZPnA,2159145,54947,5933,PT11M38S
179,Mx_jiQwUiYU,309378,9674,1823,PT1M18S
180,i-kbXg6FIz4,692501,14047,637,PT8M28S
181,d7yJiygGK6Q,314595,4074,187,PT6M1S
182,CfLR07CrUp8,171658,3004,129,PT4M5S
183,CR115pxSjWM,432948,15341,831,PT4M59S
184,03-0tBH1eEY,845414,17587,522,PT5M45S
185,b3y_iIgtGhU,1875193,38864,1919,PT9M3S
186,iew9L_WqOac,208803,6363,505,PT6M40S
187,aOmLU6iXmMY,216165,5964,339,PT1M15S
188,y_7sh90cK4U,386894,6805,296,PT6M52S
189,tYBI0va-DX4,186370,4134,334,PT2M4S
190,f274tLL9SuI,486297,19377,499,PT4M6S
191,M2zZAshSRz8,406051,9635,595,PT9M47S
192,Eo7Xxn4UiWc,294800,4729,228,PT4M40S
193,yRwFgZSiDUc,2041955,48472,4765,PT10M43S
194,r88Tq1syd3w,124941,4251,176,PT1M1S
195,VcjGf474WA4,112496,1603,150,PT2M55S
196,3HDV4Y3x0-U,23719,394,122,PT4M31S
197,D5d2IZbyWp4,723826,13793,725,PT6M55S
198,yTC9J7beCi0,443505,6569,217,PT7M59S
199,h1sHkKILPMs,426081,6660,382,PT7M40S
200,gr4GY93HSz0,321259,4989,156,PT4M38S
201,IVDL9aSqywo,1846551,43003,4496,PT10M56S
202,cENZn2cXZ3E,155871,4853,627,PT1M24S
203,N3tPqhraa6o,273769,4807,231,PT5M3S
204,I_PFcsU689s,289008,6127,481,PT8M14S
205,Er46DG2nOt4,171829,3461,206,PT8M5S
206,BQ0hNzHLEgs,321900,8004,420,PT6M31S
207,UghPiyQV2bw,1633580,42052,3883,PT9M34S
208,-GJcfy7Oy9o,142208,5521,420,PT1M16S
209,v8NL9Jrnmqs,80159,1166,189,PT4M48S
210,ysL15lS4BXs,91784,1778,161,PT3M39S
211,u61yLuxjtHU,671300,15349,626,PT4M47S
212,niYRy14J6Qg,519219,9021,464,PT8M12S
213,LryIQe5QsXU,133942,2613,196,PT6M24S
214,rNEu1Ytla6w,2063378,47147,2282,PT10M42S
215,WLGZHuEidPo,171615,4879,316,PT1M8S
216,26Fy2flgd-w,108320,1809,297,PT6M12S
217,e9HbtGj8tcA,1445240,40078,2769,PT7M45S
218,ou_gCU5hbvI,548100,28952,528,PT3M45S
219,SceOhXNjrE4,788450,14789,2825,PT6M56S
220,AbMCdSjz5KM,540776,10611,1212,PT3M54S
221,8FeNkt5hZ5I,733610,13566,1716,PT5M39S
222,LC_h_ILrMSo,1914861,48016,3494,PT10M21S
223,QnVSjEuR2f0,175550,5343,297,PT1M11S
224,aauH2b8S6uI,19400,585,90,PT4M26S
225,3hr34agwy3c,40147,771,255,PT3M35S
226,_qrdXbFDvBg,216651,3350,332,PT2M39S
227,rpUL3RNjp6s,288236,5781,313,PT6M51S
228,m0GucXerWIE,207399,4041,157,PT3M39S
229,ISHQ1ZvTIXI,295652,5675,322,PT9M51S
230,6e0NHJ_LEl0,699993,13644,408,PT6M45S
231,lj1VRTIC_R8,1662483,31766,1834,PT10M23S
232,Y95Q2aKXaF0,80094,1410,38,PT59S
233,zWVY2Ud2sC8,110394,2460,212,PT7M39S
234,loRVkh44eEA,368545,4351,251,PT7M26S
235,d9tHLbObtDA,151039,3779,184,PT5M2S
236,4KTBDu5Alfg,296411,3803,184,PT6M30S
237,fbHinwzeN30,2151787,43254,2738,PT11M15S
238,Pfv2ulrWAW8,104224,3521,139,PT1M9S
239,yjYxlQRp37c,479602,7193,248,PT4M30S
240,jMxiLHENDFI,194887,3066,246,PT5M4S
241,hD6jA_9touc,619754,11565,792,PT5M38S
242,PQ7ZcDzksi0,829343,10288,343,PT6M7S
243,9c2NHVf2GBc,995660,13604,749,PT5M20S
244,4Srd8oC7M90,1747375,38110,3403,PT12M3S
245,7_tyUTJ4rgk,131925,4420,325,PT1M6S
246,L7onJEZ4kvg,45609,811,225,PT2M3S
247,fLVa_syw-ls,18850,309,38,PT4M7S
248,x8npvgyeJpc,581200,12524,562,PT5M49S
249,dy-b7jOWHqU,605846,9209,781,PT7M52S
250,432iJx2oRsY,292306,5208,400,PT4M26S
251,0Edz6K69sNs,290856,6639,380,PT7M33S
252,Lie0MCxCXRg,2230516,45452,2582,PT11M54S
253,4DHSchUmifc,103101,2524,135,PT1M21S
254,gqLuvNHECgw,334118,5807,275,PT6M44S
255,YrX0PX1xxgA,182029,3392,194,PT3M51S
256,HPhIM06rxzQ,238825,6273,198,PT7M57S
257,7LrVhnHrnnQ,191292,2747,118,PT7M33S
258,-oBBeAToJK8,1766941,42207,2375,PT12M6S
259,BmcCMrZrJ6k,98499,2610,95,PT1M12S
260,XpTNrBr7zwE,467269,9734,713,PT5M40S
261,X2KswNah1uI,674752,14511,484,PT6M27S
262,SFKxMzw8jxU,91028,3847,156,PT4M3S
263,Hz0eBCxHO7c,1103027,23552,2310,PT7M19S
264,EXh6oAJH2Zg,592852,12511,784,PT3M54S
265,koPmZ0VSUk8,2620101,66278,5559,PT10M49S
266,4f0QSQXU8vE,136026,4862,259,PT1M28S
267,q7-IkdUEAUM,314442,4325,254,PT5M31S
268,RleAAeqiY08,351472,4585,186,PT7M9S
269,CSu8pqPG4rA,349718,5577,1006,PT6M17S
270,A4DnZuHlpI0,286806,4502,205,PT5M31S
271,2MVoDgpLADA,245853,4135,313,PT3M25S
272,1IMoGo5fs1Y,1653338,39559,2376,PT10M34S
273,PjZ-sAvD-eE,209367,4810,167,PT1M2S
274,SETvF3Q90Zg,85222,2211,188,PT3M36S
275,KUF2DNq4rzc,85079,1525,63,PT2M24S
276,I3gghOuHDvk,33165,1164,102,PT4M16S
277,YBy73IFsKrQ,818761,16660,1209,PT4M44S
278,XukhTVdFuXY,419345,8954,581,PT7M51S
279,U3pU8BM_VNc,422637,9299,867,PT5M32S
280,FRmgwiVczkM,386128,7586,485,PT6M49S
281,SCrotZJ7SfA,80516,2126,108,PT1M26S
282,PfGhWHCKtlc,1919173,42650,1926,PT10M26S
283,0AV1xtvCFMc,280659,8382,347,PT1M13S
284,fWiTAixGMI4,131775,2005,179,PT3M18S
285,ykobeSAS20c,407003,8112,810,PT5M2S
286,r7sDh50LBNQ,465208,11338,994,PT5M27S
287,Yjmo-8jFfJU,237192,4906,375,PT2M57S
288,Ri1aHO9GYxo,1260771,34821,2433,PT6M33S
289,BjUQLSVz-zY,428128,8899,659,PT6M30S
290,rXJIgW1niZA,2243065,47577,2372,PT11M38S
291,2Cr9eUQoLc0,147970,3694,222,PT1M36S
292,JUEnIGCGzE8,102031,4243,156,PT3M14S
293,zA0VEa2uQj0,256777,3886,319,PT6M39S
294,v87KSDOxdy0,204773,2946,128,PT6M13S
295,__pn0qoPeKs,139091,2609,124,PT5M13S
296,0mQnn9mBjrs,290589,7901,515,PT7M39S
297,Y7UD_Ui0l1o,1462173,34402,1620,PT8M45S
298,8s6s3ODSoJ0,295769,7542,160,PT2M11S
299,oe2ws0Xuprk,91579,2144,144,PT9M16S
300,gEi8PlgIdFk,245418,4765,254,PT8M25S
301,PT2C6aGock8,140224,2890,143,PT4M31S
302,0Qj2Owhfr8M,642465,12950,446,PT4M53S
303,u4q79DH7zsU,2322494,50527,3510,PT10M35S
304,YjSJdc3m_dw,138382,4819,218,PT57S
305,SkJECHMolmY,55453,1103,28,PT2M28S
306,fShQU7HWcwQ,457174,10968,1227,PT6M11S
307,_7-i2CAwpEY,418410,6609,368,PT9M57S
308,SPaBrZwnweg,756989,16996,793,PT5M44S
309,I6T08lB_7nY,154848,4257,272,PT4M21S
310,C__x_wuG8s8,2218796,62449,4627,PT11M21S
311,TZ6WcZc-VeM,177715,5840,349,PT1M10S
312,F70xesR3hYE,12548,460,47,PT3M31S
313,P7nSD_PK38E,255728,4793,401,PT6M44S
314,6LoOgSTWR7c,386016,6850,381,PT6M33S
315,4-2CfqA9P0Y,1025246,15724,1403,PT15M57S
316,30Dhz2aXFR8,274359,6102,538,PT4M17S
317,zGFesypJLc4,1750164,38708,2197,PT8M16S
318,wQF1eUuZpG8,151406,3177,178,PT56S
319,vY33LJn9r2s,394850,5100,213,PT7M33S
320,_sZKCX_KsnU,350626,4997,245,PT6M55S
321,NYHl0oq7o8A,456124,10056,252,PT5M26S
322,MpdUN1gidCc,250532,2797,107,PT3M26S
323,gq1O_X0IOMg,1871970,42708,2255,PT11M49S
324,3bbObqQlOM4,170995,5234,687,PT1M8S
325,zS4wksSSrpw,183655,2875,71,PT4M10S
326,xY6WiPzfOCI,242613,3562,154,PT6M22S
327,ZshSVGxBU9w,29156,808,44,PT3M48S
328,Y18qFcpAX1g,606256,13830,762,PT6M23S
329,6KoCFirOFX8,180120,2987,118,PT4M54S
330,CGzXeDp7ax4,2094365,50331,2324,PT12M42S
331,iEYll4yrtdQ,128161,4436,199,PT1M15S
332,fBtjfEVaojM,27271,627,71,PT3M48S
333,_AyYn2g1ndY,91419,2237,84,PT3M57S
334,6UsIcDivsls,723517,29444,1769,PT3M3S
335,fDvAfeIxUDM,483570,2717,1888,PT7M7S
336,pGC2SAGPneY,124127,1814,901,PT5M3S
337,GpjUWsYOi_k,505081,11791,637,PT4M59S
338,GTLSjn3yuPQ,179324,2993,186,PT10M11S
339,BpOb7L9ZpgE,1500905,40722,3666,PT11M17S
340,cD3xbgqa03s,264753,6811,502,PT1M20S
341,EnR_jh-Z9VQ,116486,1934,98,PT2M19S
342,f8g_a0RJ5Lc,71885,9211,1049,PT4M
343,cVFSh1YDscg,396677,8694,348,PT5M42S
344,LJYEL_UofHw,836057,17250,648,PT5M44S
345,7uCwIR0AFj8,55633,849,90,PT3M58S
346,JCBCpKcv18U,1277399,24686,1243,PT16M53S
347,od76uFNrGUU,2443215,47396,2493,PT10M24S
348,4LX-HrZovRE,121136,4039,208,PT1M23S
349,zYtrFNPBTXk,599418,16329,2386,PT9M41S
350,EKuz9EqyO8o,231758,6559,592,PT4M36S
351,CTXBiP55xw8,218343,6098,897,PT3M2S
352,2fj23SBjYOs,284577,5668,348,PT8M10S
353,BDKTfKn0Y80,2207287,45779,2397,PT12M39S
354,Y3Gksh4RAXQ,113910,3749,181,PT1M6S
355,ky1JyJVpzzA,407762,8093,549,PT7M12S
356,WnswXWNlmHg,173598,3018,132,PT8M32S
357,D_TbHPLVoFU,891174,17451,652,PT6M36S
358,1Iimsn-lx68,217922,6354,453,PT4M35S
359,YegTcQHnM6U,2229343,49181,4187,PT11M20S
360,POe7xbEuB0w,141162,4262,169,PT37S
361,jzFucSb80OI,376564,6632,421,PT7M30S
362,jDBjxdoKFLs,226980,4218,179,PT5M15S
363,iNwP59Wid2w,226012,5805,482,PT3M25S
364,dD8OSmPWU8s,53617,1207,124,PT3M51S
365,UDYw_8Aplu0,634988,13214,840,PT7M34S
366,bEiyyHKFUp0,2379859,51595,3511,PT10M59S
367,6YGeVMAYgmQ,219539,5978,317,PT1M1S
368,RE337-_EmQo,203252,7658,363,PT5M38S
369,O7RfN1XfiaU,156933,3339,132,PT2M38S
370,kNiel8JjgMI,20185,486,29,PT3M59S
371,hGTAQB6H7Es,1118366,23112,1230,PT7M19S
372,w-WbnsY_zFw,233865,4476,175,PT7M56S
373,rQz5XqucOL4,190422,3494,156,PT6M21S
374,LyHYtnc2rT0,268962,4387,174,PT6M12S
375,xaeFMBrE2xE,2627370,56829,3813,PT10M32S
376,nzuJdFv4-Wo,149698,4788,236,PT56S
377,AGXCcMPE9ds,539304,8191,854,PT4M38S
378,UZHnbH9cj40,88751,1973,120,PT4M6S
379,ul2HXvQRL3M,608390,13287,484,PT6M23S
380,9rW0Jf7o6tk,823705,11704,959,PT6M40S
381,8stCgYuxxCY,386507,7316,263,PT5M6S
382,zzWW5Mvg_cI,2434207,54855,3367,PT12M5S
383,-IdvgT3QU5g,146461,4362,151,PT29S
384,kWHZRxaNWtE,431751,15702,535,PT3M50S
385,bxkUm_Zzw_w,994269,18148,638,PT7M30S
386,O0N5NH9Lnj8,952215,16962,442,PT5M37S
387,NH0jG9sE3Fw,1145567,27792,876,PT7M56S
388,K0qgR4ly4zg,492602,9839,201,PT3M59S
389,6Qzs8nKPoxI,2688593,71251,4459,PT9M48S
390,bUdDdLrp1P4,393314,9172,1008,PT53S
391,QEvZYR9u_so,276333,7001,281,PT4M28S
392,sq3frhF0wPg,1144599,29460,1255,PT5M29S
393,qaFR926kVE4,71448,2452,170,PT4M23S
394,pSn3RV-ziMM,341608,8591,380,PT3M55S
395,H5oMzRDFF-U,686368,14824,1281,PT5M34S
396,5Qon72VKH30,673421,13761,1138,PT7M20S
397,17_qQHNiGa4,2702556,74068,4698,PT11M7S
398,gV-US3k20pA,504185,15305,600,PT1M53S
399,NJqOHi9OCc4,140117,2281,473,PT1M49S
400,oJIuSFi0HBk,419894,7256,879,PT4M48S
401,gspb4DSvgm8,253891,6357,706,PT10M6S
402,nPzcgzvk9UQ,505819,6292,341,PT8M1S
403,iz-OR46ZqLo,64006,1332,97,PT4M16S
404,cyXr1vrT8G0,769934,14618,1183,PT8M18S
405,CSE9mT3ljAE,1382059,22645,1157,PT4M45S
406,SnhzYRB-asE,135229,2102,50,PT1M55S
407,LU5svrK4yAM,3575865,61918,5070,PT11M24S
408,V21M5h_PeOA,493134,11444,833,PT59S
409,OyxJec0PShw,84865,2115,123,PT3M9S
410,RC7j-6xQ2OM,45068,807,95,PT2M53S
411,KHwTmN7fV-4,39043,1757,194,PT5M30S
412,C5OWFyvtVGw,322466,6505,349,PT4M54S
413,b8Q0ZuV_Iz4,120784,2632,728,PT11M13S
414,Sd_IBKGIhAw,40431,1154,97,PT4M2S
415,3LY1oXr-LUM,83283,1601,119,PT3M51S
416,Apc8x1tWGzw,28629,598,44,PT3M47S
417,xsKlLQj0Whs,164135,2403,193,PT4M36S
418,_2MtLV-YIpg,363307,4627,416,PT7M13S
419,Q3yO36exoGw,1022277,17864,1480,PT6M11S
420,6tsRJXUeBVg,229835,5099,450,PT8M40S
421,Qggni-EHvJk,241221,5570,240,PT6M4S
422,zu9pPYr4cPo,2345081,42969,2497,PT10M59S
423,QMXV_avcLGA,186408,4312,377,PT1M42S
424,d0joHrKcKng,174688,4309,134,PT5M51S
425,GZ1PyLUYjkY,406800,7064,324,PT6M15S
426,FHvHqhyoSAA,741844,16039,1072,PT5M19S
427,7s94xSSrR78,96130,1897,185,PT7M53S
428,JmvIHFCrzF0,248962,5472,401,PT6M23S
429,duKkHLm2QO0,2434629,52803,3508,PT11M56S
430,ye5N6GBnjL0,137884,4528,459,PT1M11S
431,wEg_8mpp_Kk,111801,2419,307,PT4M7S
432,lQN5c1_WBp8,845255,16873,751,PT5M56S
433,eG4CaKZkdF0,139979,2274,89,PT4M33S
434,WRSLMnRQhOs,188678,2947,160,PT6M33S
435,50RkE4nEzPk,432369,4649,319,PT7M38S
436,8v8YgCasPt4,2185410,42707,3052,PT9M9S
437,qx6ORpg5iG0,141729,2769,137,PT1M30S
438,OoiErfUdehY,91365,1422,57,PT4M33S
439,mamlyFaAYCc,125372,2962,231,PT9M10S
440,5farkFbnKtc,179717,2493,104,PT6M
441,VYbm0eyeDOo,1740172,33329,2127,PT6M45S
442,_0f2II1Kty0,1726269,33851,2710,PT11M7S
443,i794P9uyXJQ,301325,9097,771,PT1M43S
444,JE0uBmOIb3o,58173,615,16,PT2M11S
445,WJsvUrsDoSk,21586,390,30,PT4M14S
446,mNWSf9VPRu0,80233,1573,150,PT4M10S
447,wjniCgLKZVw,444430,10265,463,PT5M13S
448,gOIkw7SyWus,856575,15542,1874,PT9M10S
449,Fbkds3zI9M8,233610,5800,323,PT2M3S
450,3Ezg0KfOREw,420433,5907,399,PT5M42S
451,JvDvOTz1WII,2220286,40969,2293,PT11M36S
452,ukPJ-cPKwtg,359853,8846,602,PT1M13S
453,PU0FNAH1jxQ,64584,1414,124,PT3M2S
454,Q5aOCCCkLYo,160561,3794,170,PT2M59S
455,87NOmKjWqWk,503710,8539,500,PT7M41S
456,0t-AxC0Obh8,729987,15146,1041,PT7M6S
457,8WR2XSBEtJo,2271614,44717,2556,PT10M36S
458,R5DXUzdQgP0,360223,7650,734,PT11M58S
459,Y0NjNKxFpqo,124498,3995,289,PT1M17S
460,omMxcRSaA40,70170,1309,33,PT1M29S
461,g6qq6lu_pHI,936138,28470,3363,PT8M31S
462,TojoDXDzAxA,175612,2544,203,PT3M35S
463,DSjferdRkis,128470,4437,204,PT1M34S
464,A74ncBZ54xw,235893,3523,267,PT6M42S
465,2zVMDSp4-Ik,254489,4330,287,PT4M54S
466,w9ka_fiJ8lE,1654885,33084,3069,PT10M36S
467,LaqGC_8RfsY,233710,5146,1453,PT1M14S
468,htsnZzFA9nQ,905727,17160,824,PT6M38S
469,e7x6J7DGGRY,463799,6215,401,PT7M37S
470,_TyABI9o4GM,290364,3233,238,PT7M59S
471,F4-oe8KwMsU,237254,4833,224,PT4M57S
472,Ym7Poc2kImI,2237528,42466,2859,PT10M40S
473,XHsuv2VaJ8U,103248,1941,107,PT1M6S
474,3HntTr-empY,70141,868,25,PT2M15S
475,y5TZf29aakg,63554,1934,167,PT5M34S
476,ktJZ4vE65Pg,20787,740,50,PT4M4S
477,Ld1151WZBoI,122739,3641,355,PT5M22S
478,qAbuL_NRbzE,383729,12611,682,PT3M21S
479,5AC5h4zKU4o,1266259,29767,3867,PT8M47S
480,0x5XkzlEvMI,503673,7151,756,PT6M54S
481,0u6rnwtTqjQ,308968,6903,576,PT7M2S
482,t1DLRteWIe8,2473181,50274,4302,PT9M21S
483,68H4AGHu5IY,242802,8618,577,PT10M52S
484,zqj08MeOyaQ,219746,8000,635,PT1M7S
485,nxhGzw0uWK0,100363,1924,78,PT3M42S
486,epQdnqubTA0,120323,1926,47,PT3M40S
487,MXyjWCgdlqs,667115,12620,682,PT5M39S
488,Ja5_Q10gfaI,255347,3766,210,PT9M59S
489,0X1qrbgdpl0,107621,2544,189,PT4M19S
490,uEkFjLQ1yho,3106081,65741,6339,PT10M38S
491,9oqtJq3eTsI,237651,7100,403,PT1M17S
492,7FlSikEIsgE,42521,719,47,PT1M50S
493,T5KsOIY9-bs,80529,1094,66,PT7M50S
494,kw9AF6GI7pA,615648,13984,596,PT4M9S
495,_yVhJYOr96g,93649,1361,95,PT6M9S
496,Z15FGy56YLs,71769,1065,123,PT4M42S
497,-11iag36wFU,2015193,47783,4224,PT10M18S
498,P-L1zLIjyuw,432877,7098,179,PT4M2S
499,LmXhdOYo2UI,51800,649,79,PT2M9S
500,UCjT-7WGHLg,60929,1319,121,PT2M12S
501,tpt4BkbVzC4,17020,359,39,PT3M40S
502,r6xsiEdMPw0,77257,1976,160,PT7M43S
503,dPZvTA5Bae8,115430,4853,350,PT4M16S
504,VwlBaDmFZDA,167297,2820,238,PT5M41S
505,Uf2ZkxXNxgI,614618,12910,469,PT3M47S
506,KUCX_TYKz8E,307305,3470,351,PT5M43S
507,5ddXD99B1h8,142215,3914,185,PT6M5S
508,0B4OC3MsqCE,3337140,74705,7095,PT11M22S
509,-gz3P5mK03k,90915,1684,86,PT1M4S
510,-x9WVIch4RE,37514,1633,172,PT6M37S
511,H0rXiENmbmA,15476,312,18,PT6M27S
512,kfPFqf2BdVk,111924,2049,111,PT4M15S
513,gDuiLjAlLkQ,187795,2766,126,PT7M8S
514,7AD4MmPoMlw,83122,1258,106,PT7M25S
515,2SbpnbK8h_s,254592,6185,451,PT8M16S
516,bncVV3kKGfQ,138087,4215,397,PT7M9S
517,UybTM3WJovs,1542846,31682,2258,PT10M34S
518,-mrl_kcqB-Q,190051,3336,201,PT56S
519,s_r9rWLlGIQ,104603,1912,179,PT7M24S
520,oyqvCbjRa2Q,139234,2295,231,PT3M33S
521,VDHi8-B8Iz0,137073,2772,208,PT9M50S
522,0xwTR8d768Q,586277,12676,543,PT6M14S
523,vR_RsLONzzs,1791961,39277,4718,PT9M55S
524,8mcmHRCjCpM,1002579,15909,702,PT1M38S
525,tNES61x2Dak,266864,3952,197,PT7M50S
526,ckYDdmwXScw,813325,14938,838,PT6M47S
527,ZXEF7RjDyow,347877,3948,237,PT6M1S
528,VwrEbCA_fT8,364054,4581,260,PT5M23S
529,vWN4pK7TT4o,1688946,35742,2446,PT11M27S
530,VB_gXGQnIs0,286914,6733,374,PT1M18S
531,3RBJRkjsBSU,205532,9073,630,PT3M39S
532,WLapN3yO1dw,53152,1517,84,PT3M55S
533,4e4DiyBDrBg,374002,7692,777,PT5M26S
534,xmrIFjR9lts,233477,5075,401,PT9M29S
535,VFGyR96PQzc,65894,1361,172,PT1M57S
536,ufN3zNE6TN0,25807,660,53,PT3M23S
537,ZnnqISYOavM,66573,1895,133,PT5M14S
538,H1qaq_I-T84,81680,1611,103,PT3M13S
539,i2U62rEty-Y,265077,6072,1186,PT4M51S
540,XXMkn6eldIc,749993,12670,3524,PT9M4S
541,OGK1XY4OqUY,135734,1917,181,PT7M55S
542,5EZZyqKAXiM,244366,4851,974,PT4M57S
543,yxRycNU2yEk,159523,4227,273,PT7M15S
544,UlEQuG_NYdc,1820351,35457,2560,PT10M38S
545,4pGG79VdNmU,123203,2167,123,PT1M13S
546,-pMozeLCL2Q,702204,14262,1047,PT3M52S
547,VZjM8J0hdWo,386501,5448,420,PT8M18S
548,NSeOiwVtGaQ,131196,2335,123,PT3M11S
549,7Kog5JW-7uk,81136,1207,69,PT7M1S
550,YHHyH6cu5Qs,2067829,36346,2729,PT11M36S
551,ZLXLOipfeSE,96332,2331,185,PT1M7S
552,rsaUsSu1in8,218266,3628,219,PT4M26S
553,M5_zemd7ffE,182878,2916,146,PT5M39S
554,atED43j1xi0,713778,14785,2105,PT7M55S
555,U-V881uFRqI,631849,13776,705,PT5M44S
556,eHpt311MzPE,1741954,30425,1815,PT10M22S
557,SKVMnmP-hng,123286,3659,155,PT1M11S
558,WfDNaTsbsD8,65573,614,30,PT2M20S
559,SUBOZ9hFFVg,70714,2288,109,PT5M8S
560,tBd9XRy5OPA,105850,2439,326,PT1M28S
561,tR4Red4E1zo,269247,4680,296,PT6M59S
562,nS3e4dX-QSM,673418,13085,648,PT5M7S
563,YTKs0JRVlrQ,199134,5258,364,PT10M5S
564,5ARGZGRYJ_g,315568,3854,232,PT5M2S
565,URHxV4yCOIw,68139,1820,211,PT7M37S
566,uZ2Rmsv9enU,1810874,36009,3173,PT9M50S
567,HIjf_vEbbv8,468055,14757,916,PT1M19S
568,aJjk-I3IuAA,96188,1731,109,PT2M30S
569,7quIPjqFhq0,274079,4970,289,PT3M43S
570,c66qGCDIKkY,133884,2679,390,PT10M43S
571,Kh_kbHt86rE,383010,5916,505,PT8M59S
572,GpWEjJNPIbI,139423,2536,166,PT4M6S
573,FpSvwglie84,515543,9523,705,PT3M56S
574,wV0a2ArlYpU,181417,4554,448,PT7M31S
575,_84Ov2NzTQ8,2672395,51523,4974,PT10M4S
576,ZDYbpf24eO0,185321,5854,443,PT58S
577,Ats3sY26kcM,173361,3818,225,PT2M31S
578,xq5pvGs9D6w,210980,2798,256,PT8M17S
579,gR1XCPo7oPI,96753,1348,68,PT6M13S
580,ZScJBaTUL1M,762830,13195,587,PT4M15S
581,LTCHYSQ9Q7A,91419,1368,65,PT5M14S
582,6cBNXGryZww,2468665,53183,6960,PT10M52S
583,8-Zk7iLrIQg,266063,7604,639,PT1M16S
584,jb_64MsF--c,32786,642,30,PT2M9S
585,tSoCtw5vNS0,99218,2336,228,PT3M37S
586,zgyOUkrJf6U,126070,1879,116,PT6M55S
587,QJv-Angc-QQ,250458,4980,675,PT9M22S
588,fMombMmsn_A,131384,1672,77,PT6M4S
589,QPbuah07wB0,605867,12679,829,PT4M10S
590,2YVZbbWGkYo,2144091,45134,4667,PT8M
591,23sRimLcTBk,310121,8128,591,PT5M35S
592,WXFyiaRbQ3A,161584,3570,189,PT3M1S
593,JwpAftZ_1aw,107460,1160,43,PT1M49S
594,pd8r_KM0BbA,446639,6991,397,PT7M22S
595,k1LNjxZ6iHM,325745,6375,354,PT9M16S
596,ZgUed2YirEk,469946,11135,1042,PT8M9S
597,VFIBD829-HU,365139,9714,604,PT5M17S
598,ComH85SeQ40,1747197,34530,2614,PT9M34S
599,5nNi8x9Wtrg,776141,13630,716,PT8M34S
600,Rjququ6AEAs,340505,4192,432,PT7M55S
601,At1xrrtTFrM,651196,13932,506,PT5M55S
602,mKYeSvifG9s,267205,6792,405,PT4M14S
603,UPDURM7Wodo,1701847,34547,3950,PT11M18S
604,FDXKH7orwhI,91279,1940,72,PT1M5S
605,gQ9sTDueMS8,19087,376,16,PT3M25S
606,EiEifW_Gob0,797723,15075,2837,PT9M55S
607,358FgkaBEFE,133316,2533,133,PT5M1S
608,2jXtIw7i7iM,215234,4406,212,PT3M33S
609,RLIrl3VfvlU,224919,3857,191,PT4M46S
610,ZrPZONaBRo8,2098623,42165,3543,PT10M9S
611,_ndO0jEXW5A,250231,5629,919,PT1M23S
612,FjkThgRdVBA,136411,1785,162,PT7M3S
613,mJMhgheVLJA,114682,2590,336,PT8M28S
614,Sw_7YqkdehI,825082,14573,787,PT5M28S
615,PTtTvHK9VSA,479969,6108,529,PT5M29S
616,Vw6ZjJ2g4w8,1586459,27530,2397,PT10M52S
617,4GCoeIzuc0c,195188,5303,239,PT1M10S
618,2fKGCqJ5Rzg,99018,1300,38,PT1M58S
619,oTN6BaMckVM,227413,5649,244,PT4M14S
620,mc3dT037R0s,443983,9795,375,PT5M
621,rgp9oSVgfC0,81439,1453,54,PT2M19S
622,FR3rEp_KiC4,131596,3957,404,PT7M41S
623,8CBF4oRYoVI,174738,2722,208,PT7M54S
624,Bwg-HPKgj-0,1740626,33481,2645,PT10M42S
625,v1OodOfUUsI,108073,2763,259,PT1M19S
626,nmzyPrVdFBs,306414,4033,272,PT7M58S
627,mROu3MAg6pQ,806493,14779,676,PT5M38S
628,F8ZVzqA-t9E,415834,12547,1485,PT8M45S
629,BBOSF4IAXCM,177584,3081,181,PT4M39S
630,hjs5cQJ-plQ,88438,2821,220,PT7M31S
631,oO2ktRtKgNI,1958146,39838,4362,PT10M59S
632,Y4Jm7QJe_-Y,103489,2433,154,PT59S
633,-emg05jKTmY,29858,546,62,PT3M8S
634,zJFXa7UDdfs,331357,8381,550,PT8M51S
635,PO508nFSIaM,313687,6494,288,PT6M22S
636,FJvaGJrM1ac,623891,13081,615,PT4M23S
637,1McgTTRC2u4,189494,3841,167,PT4M12S
638,uthujtFgTdA,1925337,36231,2618,PT9M45S
639,vH5vJ8e1ODw,273273,5013,731,PT1M6S
640,qE3urC7REWk,499929,11716,1331,PT5M27S
641,v04F2H_eFU4,518350,11610,1526,PT5M6S
642,ENce6kCDPrw,410572,11434,1229,PT5M3S
643,3O_bM9xS10o,461458,8871,467,PT7M45S
644,SIm4S9Am4Ls,1606533,32591,2317,PT11M10S
645,CJWwsfqSQDA,138367,4246,276,PT1M17S
646,oBjGZNpeu4c,26934,611,40,PT5M44S
647,_pyy-FT1ZQo,107123,1634,89,PT1M48S
648,hjSqgJgCRLo,36170,863,54,PT3M15S
649,xCV3kDVh03Q,883253,17707,1041,PT7M54S
650,VDMpgEmGjZM,206108,4551,467,PT6M
651,OFfRTvyJCKg,158458,2783,178,PT8M11S
652,7z2Ej3F2uw8,118125,3278,274,PT5M36S
653,0dwxAExtnCA,69303,1879,112,PT4M48S
654,RbpsnAQXqNc,1417453,29185,2640,PT10M14S
655,Rs7iPPqg7Q8,85834,1878,88,PT49S
656,KFSVvFTCfdI,714394,14335,530,PT5M21S
657,zyan_rA2kD0,95822,1732,99,PT6M59S
658,kngBoGkCTEk,200411,3041,133,PT3M19S
659,jvvSicFcIKs,474035,7379,312,PT6M36S
660,LHf913JgNqk,71352,2192,137,PT7M5S
661,geSDz5Z8l48,1413669,30107,2412,PT11M39S
662,R_fQxkpOY5w,112723,2769,101,PT54S
663,Sm3pspseM4Y,678332,21494,1459,PT8M26S
664,QZJTtBPcKnA,309508,7355,516,PT9M58S
665,Jpq7kprPf8s,179009,4202,256,PT3M25S
666,865qB_qQ02E,74289,1396,118,PT1M27S
667,Nab7_0nGeSc,412701,10826,628,PT3M35S
668,8mtcyB25wKI,1410286,28259,1544,PT10M28S
669,xXRiZqXnc1c,1293415,18902,948,PT6M51S
670,XAl5bT_pH6g,86732,1523,195,PT58S
671,SXX8Lkq2w_4,653328,11848,377,PT4M24S
672,IdvCVHD4_5k,246685,3981,334,PT8M49S
673,2p2zzclpmus,1084418,19924,790,PT6M17S
674,oOwe3s3cCZ0,1469834,29084,1825,PT11M40S
675,jhuo3opNANk,75780,2332,175,PT4M3S
676,2DwGODA2t9I,156898,3123,287,PT3M14S
677,l2Ery7HycI4,275749,6801,686,PT5M19S
678,lN_eFIwt60c,80790,829,96,PT2M57S
679,FdZpYgwZJMM,117884,2191,96,PT1M10S
680,73IDqbBp86g,374539,7771,613,PT8M39S
681,q3qmBUCeIHQ,1026947,24523,1090,PT7M46S
682,IGhGBZAoV3k,84210,1003,48,PT4M50S
683,NYdlsr64-6c,85050,928,45,PT4M37S
684,vtLjrP64pS8,50528,1721,174,PT5M52S
685,RsiuZsDzUs0,1582989,28157,1747,PT11M52S
686,BrFtBrI6_d4,31335,972,64,PT8M13S
687,agS0Ev6gkik,572713,7282,517,PT8M11S
688,3oBJ-QCmEWk,626360,12388,522,PT7M10S
689,G4TOgJpDWIs,815534,12754,559,PT1M29S
690,AJWhyzZ9P4k,374235,6119,347,PT4M40S
691,17BoCXFs2e0,300311,4299,162,PT3M35S
692,4rJi_xuopWI,72451,1945,162,PT6M50S
693,el_mS1s4KIQ,1713028,30299,2352,PT11M1S
694,qgIGqpAJsQA,94678,1503,77,PT4M40S
695,tbjJ_oH95hg,140223,2090,119,PT8M
696,FCxiAsLih_k,872274,16358,823,PT7M39S
697,Okm4SGY5cXY,210238,3453,222,PT8M4S
698,xoDDD9uIoFM,92312,1526,60,PT38S
699,9sLSj2qPQz0,1676272,31251,1837,PT9M10S
700,XRUFv9JMECY,885768,16627,1282,PT9M42S
701,hrAVy048NKg,129132,1674,87,PT5M46S
702,Pq9b0qpqADE,580978,18789,1452,PT5M39S
703,Hl6NJN5igpE,176670,2215,82,PT4M4S
704,bPegA9NkY8A,144234,2356,324,PT1M25S
705,nYQfOlMl3ww,1559226,28452,1801,PT12M11S
706,fRmUD-6vmBQ,48658,523,27,PT2M27S
707,5S2X60XKj0g,35183,586,42,PT3M35S
708,r2Kwpj-7Pt0,244617,3370,157,PT5M15S
709,UL61FzIzTzE,222770,3926,200,PT1M18S
710,xdiN_HQPBeI,674454,11856,686,PT6M52S
711,t11wj0K-ZK8,120987,2325,168,PT5M5S
712,Y6eo_GSxMXY,99119,1520,99,PT5M10S
713,i6XfWtROQnI,1956153,33909,2258,PT10M37S
714,DfEQpZuCovU,43167,1487,196,PT6M16S
715,5E6lUoKsKrI,36899,1212,55,PT5M2S
716,baeIld1H-dI,168785,4119,351,PT7M32S
717,L7u5J3EVyDc,111371,2017,161,PT1M3S
718,nR07dLsuhlc,235756,4473,181,PT7M5S
719,Ngo8AAIyQpU,63725,1019,70,PT7M26S
720,OTOWuBYj8Ho,448021,5218,143,PT4M9S
721,WfV-Sph5K6o,918611,9935,329,PT9M23S
722,j6EIzvWTKXw,1712370,32601,2593,PT9M47S
723,_4Qv-nA6B94,245927,3055,126,PT5M43S
724,JWGsF_Y_3p0,180992,4001,332,PT5M7S
725,lBjwNZ9NUD8,81352,1363,66,PT1M8S
726,MzmGcDubMQ8,158825,4480,493,PT8M43S
727,ICmnbCsix2A,214683,3116,113,PT6M7S
728,Z3vSqhas2Jg,1830239,35832,3279,PT11M56S
729,qsywsTIO99M,275297,4408,271,PT8M49S
730,0MdwvNoeIag,132165,2658,165,PT2M54S
731,5Xlcd62nPWs,78655,1224,73,PT6M33S
732,Prj-jsV8UG8,381291,7633,391,PT5M28S
733,o-2_C5FQmWg,158845,2890,178,PT1M13S
734,F9Mf6k7qMdA,1695220,32077,3356,PT11M34S
735,8Vc4SVuxBmc,73948,1192,102,PT2M37S
736,o-YwSEuTj4A,28763,301,48,PT2M51S
737,tI2PSN_SSQA,410400,8133,712,PT5M51S
738,kDIwvTPY2-s,111055,2339,181,PT59S
739,i1Yv2lejbwo,728385,12973,1350,PT6M24S
740,MNeY33fw9b0,291247,6891,542,PT3M9S
741,KJr7SwQ03pg,1778644,27414,2284,PT8M19S
742,_lLIqH9OtEg,1733373,33630,3155,PT10M35S
743,T9jVtFj6NI0,93858,520,51,PT2M57S
744,uQnp9OURQgM,51700,1548,79,PT5M20S
745,uhkgK3UpeV0,422034,7342,172,PT4M27S
746,gTsIYxGos-Q,141825,2128,180,PT1M11S
747,U5eemAHc_Y0,293574,7537,374,PT10M2S
748,L-skbGHgVSM,1057891,18109,564,PT5M5S
749,JjNA1E9XbsY,1399918,27947,802,PT7M15S
750,8RUEiRlz1Pw,88302,2547,181,PT6M42S
751,T8fvBOGkf2Y,1623141,30083,2754,PT10M17S
752,JBBPLYFz2jQ,21118,664,85,PT4M45S
753,gFamW4ZRTK4,159898,2104,177,PT7M23S
754,RYqlPr2aZmw,814727,15929,1113,PT7M4S
755,KNSwt2WkaK4,98048,2081,206,PT54S
756,ELduJKp3oD0,429516,8174,295,PT8M57S
757,Da748J02bbY,88459,1417,123,PT4M10S
758,5jUQ2Cn7HWc,1984132,35407,2526,PT10M38S
759,v21ap7mfOrc,240256,4190,130,PT4M42S
760,mxc6adoUwzE,928971,14440,547,PT8M28S
761,bJiAf0-ZCEk,93994,1305,115,PT41S
762,UM70YUm4znM,182867,3132,81,PT2M59S
763,ALw3OnkfEPk,584938,11696,444,PT7M4S
764,siIzKayL3zo,1708126,30354,2318,PT12M9S
765,I1DK172IxL8,77171,692,24,PT2M28S
766,gYsFvdHtxWs,67770,1426,150,PT2M53S
767,YPwqtAeoPEI,117176,2417,153,PT6M43S
768,eaISyGOcbAg,906751,16151,788,PT4M57S
769,F46EPcTYhAQ,65119,1599,79,PT3M38S
770,t9iP4AxgIno,126192,2793,126,PT1M14S
771,FxBZlKuVcSc,83576,1702,144,PT8M19S
772,-Q6JVvuqf3g,1696776,30579,2670,PT10M17S
773,8MHsKPGaP8Y,242515,2955,548,PT7M42S
774,ZYXp-LBA8LE,147882,3186,185,PT7M31S
775,50beNWLteX8,180201,2826,211,PT8M12S
776,BsBH97udaIY,95796,2036,77,PT2M51S
777,HvoMi2TE3zw,106304,2368,171,PT1M20S
778,bIMQCmz1vQk,1992102,33458,2815,PT11M2S
779,f0ISUMo0zDU,606327,9231,1107,PT38S
780,E6l0ObY2XVM,6922388,115652,33247,PT38M31S
781,89iNouu6Adg,1837422,34805,3082,PT10M55S
782,dUZopKeQm6k,402526,6528,355,PT4M45S
783,pruHzVs7OiM,785812,9964,837,PT6M45S
784,a7P156XvvO4,490310,6405,450,PT5M27S
785,w-kg7rv7ZEk,91501,1837,68,PT1M7S
786,T4ladbKoOVM,762563,14023,880,PT5M54S
787,W28w3Hv3xfI,2180169,42628,2966,PT11M22S
788,rOaUXBcrHTM,25021,867,54,PT5M57S
789,A6uI3lQoVvU,512817,8391,438,PT7M41S
790,DFX03QqJSW0,170539,2229,196,PT8M10S
791,8x8zWWz2SHc,932937,17557,669,PT4M31S
792,KyTX4I-uMgc,419546,6444,491,PT4M16S
793,gRUO7E9M_K8,181384,5534,353,PT1M10S
794,nJ28KcV05Ns,2290081,48602,3783,PT11M10S
795,gCwQPwcpIU8,374439,3894,1576,PT1M8S
796,OgLLDZPp9PI,169637,4920,148,PT3M18S
797,ruItmaWDJdo,754217,12491,428,PT4M44S
798,dEvSAwjRQSc,434295,2393,235,PT3M10S
799,ZnQH-pySrow,326841,7081,267,PT7M25S
800,AMy0UP4pjiQ,444084,4839,625,PT7M6S
801,5m1CbzIMbeI,148722,3192,188,PT1M22S
802,XZ_DuHqyZs8,2140973,45577,3453,PT11M20S
803,TM-ZKa1nv7k,139347,2467,148,PT9M1S
804,8zXcn-iy7hg,135437,2330,81,PT8M48S
805,unFmZZEK0-M,654842,11715,641,PT5M52S
806,eJng9yzbLi8,121262,1881,165,PT2M24S
807,ROYp_fc7Oo4,517591,9879,1095,PT1M29S
808,YWoMk7D_lxQ,2449154,51736,3408,PT10M54S
809,wLBikz8Jh0Y,119167,2415,181,PT4M27S
810,8EgiycXFMEQ,76752,1048,46,PT2M39S
811,cShfzLYQrIs,24301,687,65,PT3M46S
812,mPazpumZkDQ,464731,5709,392,PT7M52S
813,KzUha2b4Grw,253731,4115,241,PT5M11S
814,5im5QCEEulo,305915,6803,372,PT7M2S
815,CWhs0asyJCk,60809,2245,226,PT4M27S
816,qYCiJn_qYDI,175750,2939,93,PT2M39S
817,FSRtE5yUsD0,152075,3857,208,PT1M8S
818,pWAyV_GoJxA,2835563,48652,5443,PT11M14S
819,XVGnyOkQiY4,94530,3296,100,PT1M29S
820,exP5yPkP9dM,142583,2041,197,PT9M21S
821,tBEVdChLnfk,617724,7961,280,PT6M46S
822,dOpd6QCBEUs,587519,10212,523,PT7M8S
823,IwnMZdOBF64,87711,2254,109,PT3M24S
824,R3vHlK5r5Lg,27253,671,32,PT5M21S
825,qlLxhCwQ9AI,43955,1164,114,PT5M
826,YrS1HHOt7qQ,77583,1714,101,PT51S
827,nyKAlp6tN3s,172887,4202,420,PT6M4S
828,OBzD14v1g8U,2245247,37647,3339,PT10M13S
829,kZn3zUSaPWY,108126,2602,146,PT3M39S
830,ivc05ikCeCg,90156,1434,91,PT57S
831,IYDgmO2kSic,90852,1573,71,PT2M40S
832,CclDriJeQy4,84845,1868,96,PT4M16S
833,4uFPEhraY4Y,210889,4319,270,PT6M20S
834,9tTihcVRU4E,488047,20834,1626,PT12M41S
835,FGtB_tEVFGk,1546524,30585,2385,PT10M26S
836,7-FBcKRMiak,54973,1024,39,PT4M19S
837,gg7f47gNdy4,168683,2041,154,PT7M42S
838,ZBgIDukVC_Q,121745,2337,152,PT1M18S
839,kHJbwTnZKJI,757546,13176,663,PT6M16S
840,73A0AKdEPzY,85701,1674,91,PT7M48S
841,o5BDoi06j4M,1945664,34864,2539,PT11M25S
842,UKuTkzVtydY,53420,890,27,PT2M34S
843,FfuHROdmqsc,88431,1748,183,PT4M31S
844,cXxsxmaobxs,536272,12463,2269,PT8M33S
845,kPt_2YosFYo,175245,1836,119,PT5M28S
846,zj9EKIPFgls,786099,13470,639,PT4M44S
847,Fl9phrDrlbM,94596,1534,81,PT4M28S
848,vOD_MjDBF4c,141156,3476,107,PT1M8S
849,Gax3tXNH3Is,1654944,30885,3014,PT10M
850,YYz7KIWwbCs,52700,1553,198,PT8M21S
851,yCdOya5knaI,603569,9869,1207,PT9M33S
852,lBteY1YCcU4,106050,2902,247,PT1M13S
853,_IgzgjvelM8,116958,2013,87,PT4M1S
854,FzqTbdgJQhk,223889,3791,149,PT7M31S
855,5Xbj7Yt3fQU,375876,8213,1074,PT6M45S
856,QWnylrt8b0k,2047524,37371,2619,PT9M39S
857,ZHBu-Xa7It4,462375,9930,641,PT9M41S
858,ByKxOiKwb4A,324017,6827,474,PT9M15S
859,oDzOW_-j46U,279243,6507,282,PT6M15S
860,ZQg-OuwC4-A,197228,5251,154,PT3M51S
861,MVOtgyVja2g,496453,3972,241,PT43S
862,M50zyYn4Cnw,2100175,41655,2974,PT9M27S
863,Ikt7-d4tHbs,884862,17655,1419,PT7M13S
864,2WeLksKrb4k,582599,7744,721,PT8M12S
865,FAJclAeuTpA,79965,1188,39,PT5M11S
866,n9PmavojUn0,85009,1685,84,PT4M39S
867,nBvn1NjplSk,135505,3580,197,PT56S
868,mghsZwD9x4Q,1830821,34722,1925,PT10M3S
869,B_OVFLQIGmg,58817,916,58,PT2M26S
870,6dN-MLx9oOo,120946,1421,95,PT1M3S
871,zluEMM-cacw,606526,7159,165,PT4M51S
872,wh1792COd8k,240194,4899,208,PT4M20S
873,wU6VQeuDGMQ,438686,5991,513,PT9M34S
874,GehpIu6qxD4,422497,6082,217,PT6M24S
875,T_IGNT0cQC0,2904952,49402,3925,PT11M25S
876,VY_GraFWdsg,102497,1386,140,PT29S
877,U-G2TdXCyIo,87367,1982,96,PT5M31S
878,qYpa7PsgUWs,793731,15493,920,PT5M19S
879,jCFyAnCrbVU,152190,3116,244,PT3M53S
880,3YEgj_Svh78,329427,4760,1017,PT8M40S
881,UAWARwTtHfI,106094,2898,232,PT1M4S
882,X6mglzV4e5s,175098,4053,257,PT7M19S
883,f5TgVKEKo5A,313493,6306,596,PT14M36S
884,xLw_d0zFd2A,2013809,40009,3106,PT11M23S
885,T0onQUTHzJo,421381,6552,591,PT7M1S
886,xpWevZ5yQz8,412675,18802,3390,PT9M11S
887,kCOCn2kscfI,209305,4163,303,PT5M45S
888,tWmfshqyFRo,476194,9576,323,PT5M51S
889,jo0V-yKIW1U,79369,1624,136,PT1M30S
890,PJEvh0935kg,1979055,32897,2222,PT9M59S
891,oShze0B9OXQ,146836,2659,307,PT5M6S
892,Vv6Obfzx370,796134,14924,632,PT5M34S
893,PkuMMAcoORs,260155,3431,481,PT7M55S
894,N2DENpcl8_0,278011,4926,376,PT1M10S
895,65ZlsBfCaqA,95707,1625,117,PT7M39S
896,qgiG12hXyz8,2483678,44759,3253,PT11M1S
897,upJf6zmnmTE,164711,1551,62,PT2M27S
898,Tfp2VoQhhDg,96109,2293,100,PT1M45S
899,MqZdWOlflvw,254451,4312,254,PT6M17S
900,MIy3UmqbsxI,1246815,19937,1098,PT5M14S
901,637Ra14kcxE,422173,4955,358,PT8M33S
902,0Bs3GnL4HSo,250464,3889,183,PT5M44S
903,uo27SOh1EgQ,1334526,26588,1331,PT10M30S
904,8benYazdrdM,738533,15691,689,PT7M28S
905,Cx8LersKbUs,505564,10214,414,PT6M10S
906,xmc0GlJn3zE,37465,802,56,PT4M34S
907,7oY3u1zdAEw,98865,1477,76,PT4M50S
908,fpBae_f87eQ,77856,1674,109,PT4M7S
909,Fs7lyQ9fdY4,99627,2472,213,PT1M9S
910,OEgrKI7l8CA,2222621,38838,2998,PT11M11S
911,N4hBrbCsiCw,1061946,21608,1347,PT6M54S
912,zt4eVA0Rz7c,145920,3781,293,PT1M55S
913,YcAi-F99js4,197814,7340,397,PT6M51S
914,Xh94oTh6n7I,733419,8822,567,PT7M18S
915,IyH1x2R8FRg,982584,11948,629,PT5M34S
916,D3turAfIbMs,2149883,40393,3278,PT10M30S
917,3qj53IWnoa0,74191,1108,53,PT2M11S
918,LH37tR0bYu4,97215,1179,90,PT7M36S
919,gXeRS6H0iMY,134620,2384,214,PT1M18S
920,0-4MxF6YT20,32669,398,19,PT3M11S
921,qZtjyvaT9ro,177976,2224,144,PT7M21S
922,jzeL2ClG_cE,911936,15823,753,PT5M28S
923,E2CYAPQHeqY,81382,1160,44,PT4M3S
924,ULefxDXcotQ,2436794,42088,3048,PT9M18S
925,w1SjMy0Xet4,208197,4349,220,PT6M33S
926,n3adKrV9zLI,350524,6061,594,PT1M11S
927,C07KLr4LUec,91242,1316,121,PT5M6S
928,0_mEEAkSaBc,201150,2203,350,PT6M49S
929,VJ8J-UupQQ0,104267,1948,122,PT5M21S
930,JIK_8hTR8rs,309330,5046,442,PT8M51S
931,HMH8K_Kj6oE,2215999,43645,3923,PT11M27S
932,zDf42hoHvrs,529663,8663,314,PT2M49S
933,6V_sEqfIL9Q,5832025,107103,14746,PT12M25S
934,hD4fJGR4qCk,614884,12876,432,PT4M43S
935,Am5J8-g0tmU,635431,12598,491,PT3M6S
936,vdds98RiUm8,185369,3666,362,PT5M31S
937,sGa2nU_-6Gg,271733,8996,674,PT1M19S
938,Jaq7nsiU72U,2427917,47573,3866,PT10M1S
939,LAt2XVlKHLM,172667,5684,438,PT3M28S
940,AjqujHMIStk,588863,14170,965,PT6M7S
941,9IP_TArmqgI,205297,5410,247,PT59S
942,8gfqh-ZrHY8,2006302,40809,4769,PT23M29S
943,U6OcwLJWzbU,2610139,52743,2991,PT11M
944,u1qjAOyX4Jo,60788,995,26,PT2M29S
945,klx6Yed6rnI,136053,3770,164,PT1M37S
946,hm85f8g0DYg,145638,2515,126,PT8M54S
947,IU_RRg4TD8g,438385,4683,217,PT5M32S
948,Eso1JQqft2I,916321,7865,311,PT6M48S
949,3wiyTdmmfQc,635185,13058,606,PT4M34S
950,fThIMpQsSPs,187332,4884,537,PT1M22S
951,70z6FQ5Cn80,2888259,53925,2943,PT11M22S
952,x1KkEqYQhVA,108148,3814,963,PT7M34S
953,qGYPyNP6iDE,92197,1830,129,PT7M
954,oU9WVprFlMU,144148,2120,203,PT7M48S
955,dc2348VSyCQ,294035,4840,295,PT4M50S
956,U4e4hF3cc6Y,572198,7278,588,PT8M5S
957,9SP_8m3vK9g,258423,7497,397,PT1M43S
958,Tj6AH54w3nM,216318,5206,351,PT7M29S
959,noSMWMgIyCs,2455275,47942,3812,PT8M59S
960,vEfLa33mbJ8,175970,2467,158,PT8M4S
961,tnujOkH3jcU,195505,3447,216,PT5M59S
962,GE1FfFCY6R8,307879,4174,250,PT6M38S
963,xUZ_0OM_ozo,642045,12151,580,PT5M59S
964,jHYyxRX1aMc,1484492,24158,1891,PT9M52S
965,K7rLPwwNLqM,805780,15565,345,PT4M3S
966,mbTWgFDwaAE,246168,6100,493,PT4M16S
967,mVdOeIV3f3o,1280799,21859,630,PT6M25S
968,E5tN-v-EeIM,1586287,27920,746,PT5M22S
969,o0EDyn8B5nk,98149,2989,132,PT1M22S
970,erlZXAHuECI,1168352,30900,1462,PT5M38S
971,CgxuiXptHMs,2018703,39152,3798,PT11M19S
972,dJuIFqfm6Aw,54437,916,73,PT2M33S
973,aqg-wrOL8xQ,951298,11108,1293,PT36M41S
974,RcBIphUPuS0,26003,1300,68,PT3M54S
975,NEmc581QTbM,19713,404,18,PT3M11S
976,krnqcfkzFPA,947918,19355,1503,PT6M17S
977,WuBWcXTp3Hc,833585,20980,2886,PT7M27S
978,iJntqZ8I9HQ,150133,1700,113,PT4M24S
979,14GnK1DEk4k,83253,1239,83,PT4M12S
980,F33zbJ7FOvY,123224,2517,356,PT5M16S
981,O5zxzkh4LGk,469127,11179,1298,PT1M4S
982,my6TUowJ8rI,1619696,34180,2653,PT10M45S
983,F0OmCxpxloU,72020,1503,136,PT1M15S
984,g5JtLRfobEQ,51908,1600,155,PT6M2S
985,LEA5MRp-Xow,687268,14355,1610,PT5M45S
986,Hxu7HIuim2U,86447,2160,92,PT1M5S
987,LvlDDJBtmbQ,194182,4899,1001,PT2M54S
988,BLaph4HWZkE,378259,8042,1440,PT9M8S
989,7NKxFGPNv_Y,161266,3057,342,PT7M54S
990,Q5G42B7L_s0,103693,3260,280,PT5M59S
991,tVVwOnN_ZTk,1851585,41807,3548,PT11M46S
992,BYZzoWg1sD8,854765,16281,1091,PT6M4S
993,7dhu6EvVdB4,192581,3239,240,PT57S
994,rcqxohV_r0M,273963,4518,369,PT9M8S
995,OfIciEYmHI8,769198,9258,983,PT4M12S
996,E6WRJUuOT0o,1305877,16030,1307,PT7M44S
997,9Kq7IwqWPJ4,1725742,33671,1782,PT10M41S
998,kwlsZom_7wg,82627,1130,64,PT8M9S
999,zdrSc4HXxGU,69624,1447,55,PT3M48S
1000,YLkl0BKGO8A,1334295,28628,2260,PT6M19S
1001,Qq9WNwc5PUU,971044,19803,1568,PT6M12S
1002,TWqu2B7xqhY,349230,4319,357,PT3M37S
1003,eDbK-_VUjZw,769392,9240,577,PT4M25S
1004,ZmPqReUu2k0,58946,997,137,PT3M12S
1005,Meq4tvLB90Y,231167,2426,94,PT1M12S
1006,le3pW5TWXsk,2284763,27228,3928,PT6M40S
1007,kb_mAl15Cqg,943912,8742,942,PT6M38S
1008,H_EG745Begg,178890,2019,137,PT2M23S
1009,rFtam2eAkfo,2769862,23783,1485,PT5M45S
